id,creation_time,modification_time,category,title,contents,user_id
1,2021-11-10 06:19:31.879569+00,2021-11-10 06:19:31.879569+00,0,232,"asdfasdf
asdfasdf
asdfasdf",d4dbb193-389c-4c0d-b6b6-8adb9d279c5a
2,2021-11-10 06:19:45.438574+00,2021-11-10 06:19:45.438574+00,1,title,"sdfafd
sdfsf
ff",d4dbb193-389c-4c0d-b6b6-8adb9d279c5a
3,2021-11-17 06:19:45.438574+00,2021-11-10 06:19:45.438574+00,1,갱년기 호르몬약 계속 먹어도 건강에 무리는 없을까요?,갑자기 두렵습니다! 선배님 도와주세요!,d4dbb193-389c-4c0d-b6b6-8adb9d279c5a
4,2021-11-17 06:19:45.438574+00,2021-11-10 06:19:45.438574+00,1,하소연 할 데가 여기 밖에 없네요..,"이렇게 희생만 하며 살아봤자
남는 것도 없는 인생같은데 너무 우울해요",d4dbb193-389c-4c0d-b6b6-8adb9d279c5a
5,2021-11-23 07:47:48.933911+00,2021-11-23 07:47:48.933911+00,0,렉돌이는,천잴까,a20bf234-d89b-4600-af33-98bf56df2e1b
6,2021-11-23 08:41:31.414104+00,2021-11-23 08:41:31.414104+00,0,렉돌이,천재만재,a20bf234-d89b-4600-af33-98bf56df2e1b
7,2021-11-24 09:57:25.766385+00,2021-11-24 09:57:25.766385+00,0,머에요 회원탈퇴하니까,"게시글이 다 사라짐요,,",6cf157a6-7b56-440e-8c96-c6f39a903aff
8,2021-11-25 13:19:18.785676+00,2021-11-25 13:19:18.785676+00,0,제목입니다,내용이 아주 길어요~~~~~~~~~~~~~~~~~~~~~~~~~~~~~~~~~~~~~~~~~~~~~~~~~~~~~~~~~~~~~~~~~~~~~~~~~~~~~~~~~~~~~~~,6cf157a6-7b56-440e-8c96-c6f39a903aff
9,2021-11-25 15:35:24.017916+00,2021-11-25 15:35:24.017916+00,0,글,내용내용,6cf157a6-7b56-440e-8c96-c6f39a903aff
10,2021-11-25 18:54:35.242423+00,2021-11-25 18:54:35.242423+00,0,끼야호,들어올 때마다 계속 달라져! 새로워! 짜릿!,a20bf234-d89b-4600-af33-98bf56df2e1b
11,2021-11-26 02:32:02.856323+00,2021-11-26 02:32:02.856323+00,0,어디있나요,내용이에요,6cf157a6-7b56-440e-8c96-c6f39a903aff
13,2021-11-26 03:54:45.789203+00,2021-11-26 03:54:45.789203+00,0,다시 쓰는 우리팀,"제리
토리
또리
시리",6cf157a6-7b56-440e-8c96-c6f39a903aff
14,2021-11-29 17:23:11.789203+00,2021-11-29 17:23:11.789203+00,0,하루하루 달라지는 알파카살롱 홈페이지!!,"멋진 렉돌이 또리 또링~~ 멋또링!!

따뜻한 렉돌이 또리또링 ~~~ 따또링!",a20bf234-d89b-4600-af33-98bf56df2e1b
15,2021-11-30 08:42:56.908188+00,2021-11-30 08:42:56.908188+00,0,우왕,Asdf,52cfe1ec-ff2b-48d0-a05f-54f759899e6f
16,2021-11-30 13:59:06.531015+00,2021-11-30 13:59:06.531015+00,0,댓글 대댓글 기능이 오픈했답니다~,많이 이용해주세요 ㅎㅎㅎ,6cf157a6-7b56-440e-8c96-c6f39a903aff
17,2021-11-30 14:09:18.062215+00,2021-11-30 14:09:18.062215+00,0,열분~~^^ 넘 춥네요 ,"남쪽나라로 이민갈 사람 괌~ 
",ee360834-955c-4011-88b1-a71e78ec7630
18,2021-11-30 14:10:06.912059+00,2021-11-30 14:10:06.912059+00,0,맨날 미루는 병에 걸렸읍니다,"이 나이먹고도 맨날 미루네요 쩝 
큰 병은 아니겠쪼? 
무서워잉 ",ee360834-955c-4011-88b1-a71e78ec7630
19,2021-11-30 14:10:45.657337+00,2021-11-30 14:10:45.657337+00,0,📌개밥사기 ,"울 갱얼쥐 사료 다 떨어졌다 
내 밥은 굶어도 개밥은 굶기지말자 
아좌좍 ",ee360834-955c-4011-88b1-a71e78ec7630
20,2021-11-30 14:13:14.448815+00,2021-11-30 14:13:14.448815+00,0,알파카살롱 fun~ ,"알- 알파카가 
파- 파무침을 좋아한다는 소문이 
카- 카센터직원을 
살- 살모사로 
롱 - 롱런하자 ",ee360834-955c-4011-88b1-a71e78ec7630
