id,creation_time,modification_time,contents,post_id,user_id,comment_id
1,2021-11-10 06:55:39.159297+00,2021-11-10 06:55:39.159297+00,contents contents,1,d4dbb193-389c-4c0d-b6b6-8adb9d279c5a,
2,2021-11-10 06:55:43.277906+00,2021-11-10 06:55:43.277906+00,contents contents2,1,d4dbb193-389c-4c0d-b6b6-8adb9d279c5a,
3,2021-11-10 06:55:48.845474+00,2021-11-10 06:55:48.845474+00,contents contents3,1,d4dbb193-389c-4c0d-b6b6-8adb9d279c5a,
4,2021-11-30 10:10:31.477084+00,2021-11-30 10:10:31.477084+00,ëŒ“ê¸€ ë‹¬ë¦¬ë‚˜ìš”?,15,6cf157a6-7b56-440e-8c96-c6f39a903aff,
5,2021-11-30 10:11:25.729616+00,2021-11-30 10:11:25.729616+00,ìš°ì™•,15,a20bf234-d89b-4600-af33-98bf56df2e1b,
6,2021-11-30 10:11:30.622075+00,2021-11-30 10:11:30.622075+00,ìš°ì˜¤ì•™,15,a20bf234-d89b-4600-af33-98bf56df2e1b,
7,2021-11-30 10:11:30.847809+00,2021-11-30 10:11:30.847809+00,ã…‡,15,a20bf234-d89b-4600-af33-98bf56df2e1b,
8,2021-11-30 12:06:35.816231+00,2021-11-30 12:06:35.816231+00,ëŒ“ê¸€ì“°ê¸°,14,6cf157a6-7b56-440e-8c96-c6f39a903aff,
9,2021-11-30 12:06:43.839323+00,2021-11-30 12:06:43.839323+00,ë‹µê¸€ì“°ê¸°,14,6cf157a6-7b56-440e-8c96-c6f39a903aff,8
10,2021-11-30 13:59:31.211119+00,2021-11-30 13:59:31.211119+00,ëŒ“ê¸€ì„ ì“¸ ìˆ˜ ìˆì–´ìš”ğŸ˜ŠğŸ˜Š,16,6cf157a6-7b56-440e-8c96-c6f39a903aff,
11,2021-11-30 13:59:47.597732+00,2021-11-30 13:59:47.597732+00,ì–´ë•Œìœ ,16,6cf157a6-7b56-440e-8c96-c6f39a903aff,10
12,2021-11-30 14:00:19.129663+00,2021-11-30 14:00:19.129663+00,ìì¶”ë„ ê°€ëŠ¥í•˜ì£ ,16,6cf157a6-7b56-440e-8c96-c6f39a903aff,10
13,2021-12-01 07:14:14.439858+00,2021-12-01 07:14:14.439858+00,ã…‹ã…‹ã…‹ã…‹ã…‹ã…‹ã…‹ ,20,6cf157a6-7b56-440e-8c96-c6f39a903aff,
14,2021-12-01 17:28:06.767338+00,2021-12-01 17:28:06.767338+00,ì§±ì´ë‹¤!!,16,a20bf234-d89b-4600-af33-98bf56df2e1b,
15,2021-12-01 17:28:25.498174+00,2021-12-01 17:28:25.498174+00,ìµœê³ ì˜ˆìš”!ğŸ‘ğŸ»ğŸ‘ğŸ»ğŸ‘ğŸ»,16,a20bf234-d89b-4600-af33-98bf56df2e1b,10
16,2021-12-01 17:29:41.416209+00,2021-12-01 17:29:41.416209+00,ğŸ‘ğŸ»ğŸ‘ğŸ»ğŸ‘ğŸ»ğŸ‘ğŸ»ğŸ‘ğŸ»ğŸ‘ğŸ»ğŸ‘ğŸ»,16,a20bf234-d89b-4600-af33-98bf56df2e1b,10
17,2021-12-01 17:30:30.65771+00,2021-12-01 17:30:30.65771+00,alpaca fun~~,20,a20bf234-d89b-4600-af33-98bf56df2e1b,
