id,creation_time,modification_time,contents,image_urls,comment_id,post_id,user_id
1,2021-11-10 15:55:39.159297+09,2021-11-10 15:55:39.159297+09,contents contents,,,1,d4dbb193-389c-4c0d-b6b6-8adb9d279c5a
2,2021-11-10 15:55:43.277906+09,2021-11-10 15:55:43.277906+09,contents contents2,,1,1,5349fcd3-264b-4f26-9203-f80f6ec6a8b5
3,2021-11-10 15:55:48.845474+09,2021-11-10 15:55:48.845474+09,contents contents3,,1,1,5349fcd3-264b-4f26-9203-f80f6ec6a8b5
4,2021-11-10 15:55:48.845474+09,2021-11-10 15:55:48.845474+09,contents contents4,,,1,d4dbb193-389c-4c0d-b6b6-8adb9d279c5a
5,2021-11-10 15:55:48.845474+09,2021-11-10 15:55:48.845474+09,contents contents5,,,1,d4dbb193-389c-4c0d-b6b6-8adb9d279c5a
6,2021-11-10 15:55:48.845474+09,2021-11-10 15:55:48.845474+09,contents contents6,,5,1,5349fcd3-264b-4f26-9203-f80f6ec6a8b5
7,2021-11-10 15:55:48.845474+09,2021-11-10 15:55:48.845474+09,contents contents7,,1,1,5349fcd3-264b-4f26-9203-f80f6ec6a8b5
8,2021-11-10 15:55:48.845474+09,2021-11-10 15:55:48.845474+09,contents contents8,,,1,d4dbb193-389c-4c0d-b6b6-8adb9d279c5a
9,2021-11-10 15:55:48.845474+09,2021-11-10 15:55:48.845474+09,contents contents9,,8,1,5349fcd3-264b-4f26-9203-f80f6ec6a8b5
10,2021-11-10 15:55:48.845474+09,2021-11-10 15:55:48.845474+09,contents contents10,,8,1,5349fcd3-264b-4f26-9203-f80f6ec6a8b5
11,2021-11-10 15:55:48.845474+09,2021-11-10 15:55:48.845474+09,contents contents11,,,1,d4dbb193-389c-4c0d-b6b6-8adb9d279c5a
